K,case,Vessel_Dice
0,DRIVE_01,0.8329534460423397
0,DRIVE_02,0.8546407684615618
0,DRIVE_03,0.8067691135382271
0,DRIVE_04,0.8113998323554066
0,DRIVE_05,0.8165190539210696
0,DRIVE_06,0.7920954981446475
0,DRIVE_07,0.806560734334144
0,DRIVE_08,0.810624227890415
0,DRIVE_09,0.8147228483019444
0,DRIVE_10,0.8152019173589462
0,DRIVE_11,0.8141991400616176
0,DRIVE_12,0.8293346184296582
0,DRIVE_13,0.8186885512310067
0,DRIVE_14,0.8292522114979579
0,DRIVE_15,0.8248646181297591
0,DRIVE_16,0.831784964300714
0,DRIVE_17,0.8078358208955224
0,DRIVE_18,0.8171965317919075
0,DRIVE_19,0.8660247495995352
0,DRIVE_20,0.82035575002378
1,DRIVE_01,0.8320042093493596
1,DRIVE_02,0.8545082898024075
1,DRIVE_03,0.8069785531725747
1,DRIVE_04,0.8122043519394513
1,DRIVE_05,0.8170228657760275
1,DRIVE_06,0.7920400448053766
1,DRIVE_07,0.8068246168459895
1,DRIVE_08,0.8101017441860465
1,DRIVE_09,0.8138041733547352
1,DRIVE_10,0.8144315026504634
1,DRIVE_11,0.8131198591883018
1,DRIVE_12,0.8294880170546367
1,DRIVE_13,0.818658930143104
1,DRIVE_14,0.8293076274603233
1,DRIVE_15,0.8250466514617458
1,DRIVE_16,0.8317124380616444
1,DRIVE_17,0.80731579733971
1,DRIVE_18,0.8173050825990194
1,DRIVE_19,0.8657926270529358
1,DRIVE_20,0.8205735684671086
2,DRIVE_01,0.8319591870320086
2,DRIVE_02,0.8540714047784878
2,DRIVE_03,0.8070119724348185
2,DRIVE_04,0.8126704731425246
2,DRIVE_05,0.8170128921576953
2,DRIVE_06,0.7925359822318603
2,DRIVE_07,0.80741146403797
2,DRIVE_08,0.8098516083331819
2,DRIVE_09,0.8135891164781412
2,DRIVE_10,0.8138540633173987
2,DRIVE_11,0.8131072069327375
2,DRIVE_12,0.8296438883541867
2,DRIVE_13,0.8189130541188755
2,DRIVE_14,0.8293442803210791
2,DRIVE_15,0.8250238302457623
2,DRIVE_16,0.8322587144872053
2,DRIVE_17,0.8075436467183269
2,DRIVE_18,0.8179085014670192
2,DRIVE_19,0.8666255397902529
2,DRIVE_20,0.8208103553921569
4,DRIVE_01,0.8327347019474742
4,DRIVE_02,0.8547844788416684
4,DRIVE_03,0.8076654166401831
4,DRIVE_04,0.8141201226259365
4,DRIVE_05,0.8174353569182122
4,DRIVE_06,0.7938806126365
4,DRIVE_07,0.8090852837331198
4,DRIVE_08,0.8099488407532383
4,DRIVE_09,0.8145898978325217
4,DRIVE_10,0.8140240598244283
4,DRIVE_11,0.8131793708306525
4,DRIVE_12,0.8293813636441681
4,DRIVE_13,0.8191786642263004
4,DRIVE_14,0.8298721752188404
4,DRIVE_15,0.8257627398731693
4,DRIVE_16,0.832757174022487
4,DRIVE_17,0.8086820317744462
4,DRIVE_18,0.8187632489627308
4,DRIVE_19,0.8672741051444282
4,DRIVE_20,0.8209412846849609
8,DRIVE_01,0.833594381151798
8,DRIVE_02,0.8550170068027211
8,DRIVE_03,0.8085709733949339
8,DRIVE_04,0.8163758728325785
8,DRIVE_05,0.8190424300211129
8,DRIVE_06,0.7985501716901946
8,DRIVE_07,0.8132221840473047
8,DRIVE_08,0.8109467134536772
8,DRIVE_09,0.8151028265385861
8,DRIVE_10,0.8144687812414796
8,DRIVE_11,0.8135105879169203
8,DRIVE_12,0.829504481302153
8,DRIVE_13,0.82059578083893
8,DRIVE_14,0.8305230274575713
8,DRIVE_15,0.8286516278402688
8,DRIVE_16,0.8348517642321438
8,DRIVE_17,0.8129144916497929
8,DRIVE_18,0.8217149907464528
8,DRIVE_19,0.8675363949644841
8,DRIVE_20,0.8207101158005551
16,DRIVE_01,0.8345656192236599
16,DRIVE_02,0.8529775443845696
16,DRIVE_03,0.8079947470412069
16,DRIVE_04,0.8170847945328658
16,DRIVE_05,0.8193378159843391
16,DRIVE_06,0.7994344437547417
16,DRIVE_07,0.8165140908274996
16,DRIVE_08,0.8090164528520692
16,DRIVE_09,0.8135483379078987
16,DRIVE_10,0.8135487538740853
16,DRIVE_11,0.8148298422680935
16,DRIVE_12,0.8295491767951039
16,DRIVE_13,0.8203566340816427
16,DRIVE_14,0.8279364385955332
16,DRIVE_15,0.8301441250712482
16,DRIVE_16,0.8381888970933745
16,DRIVE_17,0.8158562563675095
16,DRIVE_18,0.8235550946897342
16,DRIVE_19,0.8695284713173926
16,DRIVE_20,0.8212004131441031
32,DRIVE_01,0.8345471059367517
32,DRIVE_02,0.850893048619834
32,DRIVE_03,0.8073329581088687
32,DRIVE_04,0.8151419558359622
32,DRIVE_05,0.8181957839037296
32,DRIVE_06,0.7981380915438324
32,DRIVE_07,0.8166594796607733
32,DRIVE_08,0.8075782117313047
32,DRIVE_09,0.8123769661525524
32,DRIVE_10,0.812047569803516
32,DRIVE_11,0.8142496227342862
32,DRIVE_12,0.8286576273537469
32,DRIVE_13,0.8193731446097325
32,DRIVE_14,0.8268484263089793
32,DRIVE_15,0.8295919405718938
32,DRIVE_16,0.8396212133954553
32,DRIVE_17,0.8149532710280374
32,DRIVE_18,0.8243553740107225
32,DRIVE_19,0.870558330832642
32,DRIVE_20,0.8221962750990564
inf,DRIVE_01,0.8343186447414178
inf,DRIVE_02,0.8522440746343923
inf,DRIVE_03,0.8081261215073058
inf,DRIVE_04,0.8171390619110018
inf,DRIVE_05,0.8200565838361114
inf,DRIVE_06,0.7999241941319367
inf,DRIVE_07,0.8178162254910722
inf,DRIVE_08,0.8075654915033154
inf,DRIVE_09,0.8124845276407746
inf,DRIVE_10,0.8133325983499623
inf,DRIVE_11,0.8141431538422572
inf,DRIVE_12,0.8296268180328151
inf,DRIVE_13,0.8213700426089806
inf,DRIVE_14,0.8269384492406076
inf,DRIVE_15,0.8294906600753678
inf,DRIVE_16,0.8379612530638284
inf,DRIVE_17,0.8146765939364827
inf,DRIVE_18,0.8219262817014155
inf,DRIVE_19,0.8697186204463262
inf,DRIVE_20,0.821021147688709
