K,case,Liver_Dice,Tumor_Dice,Avg_Dice
0,Liver_0001,0.9683606397449561,0.6481567895473636,0.8082587146461598
0,Liver_0027,0.9714205164965881,0.8507306120946667,0.9110755642956274
0,Liver_0029,0.9393758907058312,0.857344877998455,0.898360384352143
0,Liver_0031,0.933088163059065,0.2667452062438964,0.5999166846514807
0,Liver_0054,0.937554847787932,0.4619090635350798,0.6997319556615059
0,Liver_0057,0.8608397902991521,0.5591885559191151,0.7100141731091336
0,Liver_0063,0.9729052429171137,0.6428721394079362,0.8078886911625249
0,Liver_0071,0.9528910563105223,0.8425677867902666,0.8977294215503944
0,Liver_0072,0.9373022278288077,0.5398011211012336,0.7385516744650207
0,Liver_0074,0.9254541583561307,0.3002309468822171,0.6128425526191739
0,Liver_0076,0.9596649834459771,0.832552693208431,0.896108838327204
0,Liver_0077,0.9574341658559057,0.8893470138938255,0.9233905898748656
0,Liver_0079,0.9242640331130637,0.7991235620940605,0.8616937976035621
0,Liver_0080,0.9447445611284422,0.8187090538073246,0.8817268074678835
0,Liver_0082,0.9620407993284319,0.872415719873347,0.9172282596008894
0,Liver_0094,0.9593199473760017,0.7890899888156875,0.8742049680958446
0,Liver_0097,0.9127013926732831,0.6881003456898083,0.8004008691815456
0,Liver_0099,0.9666891820940597,0.9133144801068703,0.940001831100465
0,Liver_0100,0.9776163016402915,0.7043478260869566,0.8409820638636241
0,Liver_0101,0.9731835112234511,0.8790883887288756,0.9261359499761634
0,Liver_0108,0.9086865334496764,0.3112115870947965,0.6099490602722365
0,Liver_0114,0.9591542361332653,0.5631459706411025,0.7611501033871839
0,Liver_0115,0.92846716972315,0.0,0.464233584861575
0,Liver_0127,0.9601735607439591,0.012562349898392758,0.48636795532117594
0,Liver_0129,0.9646609816156425,0.6881492197968333,0.8264051007062378
0,Liver_0131,0.8525812644092682,0.3728748801675999,0.6127280722884341
1,Liver_0001,0.9676520693825776,0.6802873821284239,0.8239697257555008
1,Liver_0027,0.9732557444643811,0.8551016301066613,0.9141786872855212
1,Liver_0029,0.9410021708949186,0.8652559187937006,0.9031290448443096
1,Liver_0031,0.9347189341866806,0.28582391310764144,0.610271423647161
1,Liver_0054,0.9402851057970003,0.5079458505002943,0.7241154781486473
1,Liver_0057,0.8655821442138669,0.5829961353705728,0.7242891397922199
1,Liver_0063,0.9743443932136053,0.6643050635549073,0.8193247283842563
1,Liver_0071,0.9542972735975419,0.8553486457866091,0.9048229596920755
1,Liver_0072,0.9402302049052708,0.5429172397055254,0.7415737223053981
1,Liver_0074,0.9271126017371573,0.3423967774420947,0.634754689589626
1,Liver_0076,0.9601048313544672,0.8368136117556071,0.8984592215550371
1,Liver_0077,0.9583544407020907,0.8980209449130069,0.9281876928075488
1,Liver_0079,0.932034273925876,0.8131446976801077,0.8725894858029919
1,Liver_0080,0.9443314481239192,0.8261814231395981,0.8852564356317587
1,Liver_0082,0.9626282241434833,0.8742593811718236,0.9184438026576534
1,Liver_0094,0.9625436228706655,0.794508255563532,0.8785259392170988
1,Liver_0097,0.9127839115101603,0.6988009978273115,0.8057924546687358
1,Liver_0099,0.9687310174102325,0.9123993089851605,0.9405651631976966
1,Liver_0100,0.9789049636073126,0.7643577175621936,0.8716313405847531
1,Liver_0101,0.9742505017363815,0.885426077412495,0.9298382895744383
1,Liver_0108,0.9133515094221861,0.32681863230921704,0.6200850708657015
1,Liver_0114,0.9613746403873417,0.5861628348410634,0.7737687376142025
1,Liver_0115,0.92717724446176,0.0,0.46358862223088
1,Liver_0127,0.9656776260952191,0.0,0.48283881304760956
1,Liver_0129,0.9664605841042945,0.6933443182486906,0.8299024511764925
1,Liver_0131,0.853614423398682,0.389150350360924,0.621382386879803
2,Liver_0001,0.9664178691061385,0.6884377758164166,0.8274278224612776
2,Liver_0027,0.9737248214068861,0.8544099514034961,0.9140673864051911
2,Liver_0029,0.9409346508402973,0.8657147425008493,0.9033246966705732
2,Liver_0031,0.9343488582583003,0.29049517871384034,0.6124220184860703
2,Liver_0054,0.9415776227148734,0.5161673094037378,0.7288724660593056
2,Liver_0057,0.8651292947849011,0.5795819775218094,0.7223556361533552
2,Liver_0063,0.974518537904254,0.6735537190082644,0.8240361284562592
2,Liver_0071,0.9543545471337599,0.8595195622637324,0.9069370546987461
2,Liver_0072,0.9416311051029859,0.546952523093058,0.7442918140980219
2,Liver_0074,0.9280834625867956,0.36622390891840606,0.6471536857526008
2,Liver_0076,0.960187862770561,0.8365962395813142,0.8983920511759376
2,Liver_0077,0.958336614058546,0.8995667442440363,0.9289516791512911
2,Liver_0079,0.9329636353997606,0.8118983681057633,0.8724310017527619
2,Liver_0080,0.9440985668980834,0.8281241477117766,0.88611135730493
2,Liver_0082,0.9629431283513242,0.8718867924528302,0.9174149604020772
2,Liver_0094,0.9632848647440391,0.795180037697424,0.8792324512207315
2,Liver_0097,0.9123491551554496,0.6990883077127836,0.8057187314341165
2,Liver_0099,0.9695003915800584,0.9126557280285333,0.9410780598042958
2,Liver_0100,0.9791216289085638,0.7746002740977616,0.8768609515031627
2,Liver_0101,0.9744550316421132,0.8887891417020464,0.9316220866720798
2,Liver_0108,0.9132373631306241,0.3298919567827131,0.6215646599566687
2,Liver_0114,0.9622904038710937,0.5966492242724686,0.7794698140717811
2,Liver_0115,0.9259146523030909,0.0,0.46295732615154545
2,Liver_0127,0.9659487382143472,0.000777000777000777,0.48336286949567403
2,Liver_0129,0.966888828030895,0.6940729566334668,0.8304808923321809
2,Liver_0131,0.8524908573407594,0.3852787576226046,0.618884807481682
4,Liver_0001,0.965398496310091,0.6906788910718183,0.8280386936909547
4,Liver_0027,0.9739506269557724,0.8526139855866866,0.9132823062712294
4,Liver_0029,0.9403993677010417,0.865192605199953,0.9027959864504973
4,Liver_0031,0.9331119432673041,0.3008787247225821,0.6169953339949431
4,Liver_0054,0.9430792454959721,0.547604967474867,0.7453421064854195
4,Liver_0057,0.8615906786799709,0.5704021652416075,0.7159964219607892
4,Liver_0063,0.9751561960877989,0.6884381338742394,0.8317971649810192
4,Liver_0071,0.9543645079577581,0.86255565901192,0.9084600834848391
4,Liver_0072,0.9430195437203146,0.5567184723577846,0.7498690080390495
4,Liver_0074,0.928737359873712,0.3804247460757156,0.6545810529747138
4,Liver_0076,0.9603573848730184,0.830122591943958,0.8952399884084882
4,Liver_0077,0.9584710898452561,0.9014640429189453,0.9299675663821008
4,Liver_0079,0.9323343452003623,0.8057098194084495,0.8690220823044059
4,Liver_0080,0.9445556755793281,0.8316604843988654,0.8881080799890968
4,Liver_0082,0.9630814420480297,0.8701310949731208,0.9166062685105753
4,Liver_0094,0.9639178467110802,0.7966616555545818,0.8802897511328309
4,Liver_0097,0.9097971912806032,0.6977705790173692,0.8037838851489862
4,Liver_0099,0.9699046067531826,0.9137523729501708,0.9418284898516767
4,Liver_0100,0.9792034386624149,0.7819473993934182,0.8805754190279165
4,Liver_0101,0.9743433606545437,0.8910926573754774,0.9327180090150106
4,Liver_0108,0.9097365616289707,0.3197397467177878,0.6147381541733792
4,Liver_0114,0.9629517062752219,0.6109163426427602,0.7869340244589911
4,Liver_0115,0.9235987470836965,0.0,0.46179937354184825
4,Liver_0127,0.9646058160413158,0.0820839580209895,0.5233448870311527
4,Liver_0129,0.9667720612541102,0.6925003089042598,0.829636185079185
4,Liver_0131,0.8538747385365395,0.3856763663379773,0.6197755524372583
8,Liver_0001,0.9649093138681815,0.690978886756238,0.8279441003122097
8,Liver_0027,0.9735859375379129,0.8511184615247452,0.9123521995313291
8,Liver_0029,0.9393376944827206,0.8610515008056759,0.9001945976441983
8,Liver_0031,0.9300245352530823,0.3010649114357575,0.6155447233444199
8,Liver_0054,0.9444251358749256,0.560304449648712,0.7523647927618188
8,Liver_0057,0.855876763968066,0.5638634487169085,0.7098701063424873
8,Liver_0063,0.9759093356848954,0.7020440251572327,0.8389766804210641
8,Liver_0071,0.9546069940731555,0.8631068095021439,0.9088569017876498
8,Liver_0072,0.9434554544825238,0.5655109416577306,0.7544831980701272
8,Liver_0074,0.9290023111319226,0.3985032740879326,0.6637527926099276
8,Liver_0076,0.9606788467165507,0.8216026515890037,0.8911407491527772
8,Liver_0077,0.9589050088160018,0.9033908320029855,0.9311479204094937
8,Liver_0079,0.9307619963580843,0.8013840830449827,0.8660730397015335
8,Liver_0080,0.9451260590603079,0.8281662802609586,0.8866461696606333
8,Liver_0082,0.962940002105946,0.8678961234474972,0.9154180627767217
8,Liver_0094,0.9636874796957154,0.7965577431355134,0.8801226114156144
8,Liver_0097,0.9063008405040903,0.6979392273075078,0.802120033905799
8,Liver_0099,0.9694484420786157,0.91435593854907,0.9419021903138429
8,Liver_0100,0.9790746384314647,0.7852144267001615,0.882144532565813
8,Liver_0101,0.9739414184412707,0.8918084722668206,0.9328749453540457
8,Liver_0108,0.9043596900376231,0.30888684452621895,0.606623267281921
8,Liver_0114,0.9647495458838916,0.6261132995514961,0.7954314227176938
8,Liver_0115,0.9212837757950952,0.0,0.4606418878975476
8,Liver_0127,0.9615724443520082,0.3060372511239563,0.6338048477379823
8,Liver_0129,0.9661199340464948,0.6870931786949516,0.8266065563707232
8,Liver_0131,0.8572552403679313,0.38827761490312623,0.6227664276355288
16,Liver_0001,0.965249353913314,0.6921461570768584,0.8286977554950863
16,Liver_0027,0.9729780899614322,0.8500088952143746,0.9114934925879035
16,Liver_0029,0.9386403810503386,0.8587602589845921,0.8987003200174654
16,Liver_0031,0.9267765046299794,0.29946009236973914,0.6131182984998593
16,Liver_0054,0.9455061709628354,0.5215296597410418,0.7335179153519387
16,Liver_0057,0.8518874071716,0.5621773725889097,0.7070323898802549
16,Liver_0063,0.9759457838491759,0.6930542340627973,0.8345000089559866
16,Liver_0071,0.9535655424555781,0.8620095957393081,0.9077875690974431
16,Liver_0072,0.9435402077702282,0.5658245241555839,0.754682365962906
16,Liver_0074,0.9293791088385683,0.32075471698113206,0.6250669129098502
16,Liver_0076,0.9606335216447707,0.8185358255451713,0.8895846735949711
16,Liver_0077,0.9592537748301389,0.9047654807560342,0.9320096277930865
16,Liver_0079,0.9275812719597839,0.7984455329312229,0.8630134024455034
16,Liver_0080,0.9451608006219495,0.8260403260403261,0.8856005633311378
16,Liver_0082,0.9630015258801701,0.8664906656609467,0.9147460957705584
16,Liver_0094,0.962954233656046,0.7955415811672362,0.879247907411641
16,Liver_0097,0.9036558998676488,0.6966216652671016,0.8001387825673751
16,Liver_0099,0.9684529608139496,0.9142752716103995,0.9413641162121745
16,Liver_0100,0.978956401053194,0.7847750245996958,0.8818657128264449
16,Liver_0101,0.9735087815516029,0.8908699884606761,0.9321893850061396
16,Liver_0108,0.903025576674983,0.31388868247008994,0.6084571295725365
16,Liver_0114,0.9683335237779866,0.6256282994179488,0.7969809115979678
16,Liver_0115,0.920384261120212,0.0,0.460192130560106
16,Liver_0127,0.9595992791966175,0.46371929824561403,0.7116592887211157
16,Liver_0129,0.9657944743882693,0.6878759833410458,0.8268352288646575
16,Liver_0131,0.8585146282378722,0.38153561770839156,0.6200251229731318
32,Liver_0001,0.9647809188944,0.6965153115100317,0.8306481152022158
32,Liver_0027,0.9730325955349096,0.8499745719613494,0.9115035837481296
32,Liver_0029,0.938416533800323,0.8566349372148555,0.8975257355075892
32,Liver_0031,0.924836198549751,0.3122367530692003,0.6185364758094756
32,Liver_0054,0.9457949501687312,0.5068954949433037,0.7263452225560174
32,Liver_0057,0.8537986757000021,0.5509405659612422,0.7023696208306222
32,Liver_0063,0.9755762306044928,0.6829084041548631,0.8292423173796779
32,Liver_0071,0.9532923036425766,0.862407162291345,0.9078497329669608
32,Liver_0072,0.9414521187281831,0.533838140007623,0.737645129367903
32,Liver_0074,0.9294630577078571,0.2549889135254989,0.592225985616678
32,Liver_0076,0.9606162085312768,0.820462944952344,0.8905395767418104
32,Liver_0077,0.9587104757084841,0.8995721156849272,0.9291412956967057
32,Liver_0079,0.9264602223266492,0.8024073848155829,0.8644338035711161
32,Liver_0080,0.9447070816940345,0.8250523714884246,0.8848797265912296
32,Liver_0082,0.9631213853533233,0.8680996117791876,0.9156104985662554
32,Liver_0094,0.9624549164004351,0.7932855653109967,0.877870240855716
32,Liver_0097,0.9031953153320006,0.6976205050728695,0.8004079102024351
32,Liver_0099,0.9677977665421584,0.9140114710116992,0.9409046187769288
32,Liver_0100,0.9789371709440058,0.783420899007589,0.8811790349757974
32,Liver_0101,0.9731980217923525,0.8882812234701393,0.9307396226312459
32,Liver_0108,0.9044869739992044,0.32742293753166285,0.6159549557654336
32,Liver_0114,0.9703561153023933,0.6326508246725968,0.801503469987495
32,Liver_0115,0.9201455379629281,0.0,0.46007276898146404
32,Liver_0127,0.9593214523324157,0.5239616613418531,0.7416415568371344
32,Liver_0129,0.9666879382373827,0.7088342369241246,0.8377610875807537
32,Liver_0131,0.8536859868904779,0.3550786518039305,0.6043823193472042
inf,Liver_0001,0.9645068902195019,0.6911392405063291,0.8278230653629155
inf,Liver_0027,0.9731958919433294,0.8509432953877398,0.9120695936655346
inf,Liver_0029,0.9385573229940538,0.8576321783329292,0.8980947506634915
inf,Liver_0031,0.927752076515369,0.29853993551600305,0.613146006015686
inf,Liver_0054,0.9451150879294499,0.5553284671532847,0.7502217775413673
inf,Liver_0057,0.8521163289683242,0.5590917815327964,0.7056040552505602
inf,Liver_0063,0.9761509388621983,0.7059503177354131,0.8410506282988057
inf,Liver_0071,0.9539220240706807,0.8619951490206167,0.9079585865456488
inf,Liver_0072,0.9434673561951432,0.5666519625093553,0.7550596593522493
inf,Liver_0074,0.9292873090690009,0.40388349514563104,0.666585402107316
inf,Liver_0076,0.960641105857881,0.8156402737047899,0.8881406897813354
inf,Liver_0077,0.959072478906341,0.9047183476325343,0.9318954132694377
inf,Liver_0079,0.9287064048501316,0.7992197976350116,0.8639631012425716
inf,Liver_0080,0.9450426033169753,0.8258887876025525,0.885465695459764
inf,Liver_0082,0.9629492013048306,0.8653719861150202,0.9141605937099254
inf,Liver_0094,0.9631989704911806,0.7964014315043376,0.8798002009977591
inf,Liver_0097,0.9043565292655824,0.6964258044522493,0.8003911668589159
inf,Liver_0099,0.968966703011189,0.9149892898348728,0.9419779964230309
inf,Liver_0100,0.978931470868504,0.7840888729618348,0.8815101719151694
inf,Liver_0101,0.9736331955244925,0.8909134655805633,0.9322733305525279
inf,Liver_0108,0.9016640820708577,0.3050205701387119,0.6033423261047848
inf,Liver_0114,0.9656952646550541,0.6300314537083467,0.7978633591817004
inf,Liver_0115,0.9200072307565684,0.0,0.4600036153782842
inf,Liver_0127,0.9598141853822768,0.403591404180159,0.6817027947812179
inf,Liver_0129,0.9656236247746405,0.6837453224713849,0.8246844736230127
inf,Liver_0131,0.8582635369520788,0.3841951603329514,0.6212293486425151
