K,case,WT_Dice,TC_Dice,ET_Dice,Avg_Dice
0,BraTS20_Training_003,0.7585884763741563,0.9102382485511913,0.8571912013536379,0.8420059754263285
0,BraTS20_Training_008,0.8201074682657113,0.23926149208741523,0.7903152124257652,0.6165613909262974
0,BraTS20_Training_010,0.8405493969183574,0.9103318086110506,0.8618626211546565,0.8709146088946881
0,BraTS20_Training_020,0.8971071424241323,0.8510368967418667,0.7262765803558513,0.8248068731739501
0,BraTS20_Training_027,0.7571899238108312,0.930161586916546,0.8454054752900869,0.844252328672488
0,BraTS20_Training_029,0.9397748653733861,0.9401389631213255,0.8685725249424405,0.9161621178123841
0,BraTS20_Training_033,0.9564747228980806,0.9603146377690843,0.9188891943909816,0.9452261850193823
0,BraTS20_Training_048,0.7328068374636026,0.896570796460177,0.729997003296374,0.7864582124067178
0,BraTS20_Training_052,0.9112795633717404,0.9482308240322964,0.8717154697390591,0.9104086190476987
0,BraTS20_Training_065,0.7669216061185469,0.8965191740412979,0.8890358855630891,0.850825555240978
0,BraTS20_Training_066,0.9458630552396705,0.9178670227988172,0.829774472168906,0.8978348500691311
0,BraTS20_Training_071,0.9165918123761828,0.6484425516733929,0.8112453366494937,0.7920932335663564
0,BraTS20_Training_076,0.9077523357237463,0.8491220029218826,0.774982690976229,0.8439523432072858
0,BraTS20_Training_080,0.8993642987455949,0.8625308253952904,0.8280525795912165,0.8633159012440338
0,BraTS20_Training_086,0.6935590239613102,0.10679409931435695,0.20064724919093851,0.3336667908222019
0,BraTS20_Training_088,0.8430061416578842,0.9261092374403224,0.8224834417328003,0.8638662736103356
0,BraTS20_Training_090,0.9378455352655386,0.9736532580569278,0.9391546262227407,0.9502178065150689
0,BraTS20_Training_094,0.9012222499376403,0.726223032512914,0.8916929547844374,0.8397127457449972
0,BraTS20_Training_096,0.97205910427246,0.9496621243829576,0.9062323266598801,0.9426511851050993
0,BraTS20_Training_098,0.9783615586221469,0.9687279822231858,0.918429003021148,0.9551728479554935
0,BraTS20_Training_099,0.5480419194704909,0.8031599736668861,0.8695303091128062,0.7402440674167278
0,BraTS20_Training_101,0.9198221383221125,0.9068404264020284,0.8933654642668876,0.9066760096636761
0,BraTS20_Training_102,0.9343384412588565,0.9283693961250177,0.8406993321827868,0.901135723188887
0,BraTS20_Training_111,0.9445285034043879,0.9623393366410126,0.9278464446706413,0.944904761572014
0,BraTS20_Training_117,0.9656928819534449,0.9379807513656125,0.9316403366307398,0.9451046566499324
0,BraTS20_Training_121,0.980093397416232,0.9744883488333905,0.9409496529690426,0.9651771330728884
0,BraTS20_Training_125,0.9762219856250642,0.9473857373947852,0.9493389944996623,0.9576489058398372
0,BraTS20_Training_139,0.8473335355023177,0.8915293215791491,0.8683142751752121,0.8690590440855597
0,BraTS20_Training_142,0.9216972392069668,0.9134812604885325,0.8930103164483598,0.909396272047953
0,BraTS20_Training_145,0.9349973998959958,0.9343546918657584,0.8133486275242084,0.8942335730953209
0,BraTS20_Training_155,0.9720810856929929,0.968223885005415,0.9346444072253138,0.9583164593079072
0,BraTS20_Training_160,0.9137283432593395,0.8670135630811225,0.8345938173975557,0.8717785745793393
0,BraTS20_Training_165,0.9643670696888175,0.9549814356435643,0.9298460178295145,0.9497315077206321
0,BraTS20_Training_166,0.9451480931431614,0.9751214225504756,0.9568600503248886,0.9590431886728418
0,BraTS20_Training_173,0.8970868388563206,0.8640569395017793,0.8709353960750609,0.8773597248110536
0,BraTS20_Training_180,0.8759607754894182,0.9552934414553996,0.9348808020391878,0.9220450063280019
0,BraTS20_Training_182,0.9276457343007255,0.9334612047312417,0.8932984790874525,0.91813513937314
0,BraTS20_Training_191,0.9473093281906322,0.9227677373722593,0.9253818665718334,0.9318196440449084
0,BraTS20_Training_195,0.9420366472823756,0.9200912118378529,0.7863456090651558,0.8828244893951281
0,BraTS20_Training_196,0.9317855515935973,0.9589288268365405,0.9476320758352279,0.946115484755122
0,BraTS20_Training_198,0.9520718412971022,0.9065572223794698,0.8692164179104478,0.9092818271956733
0,BraTS20_Training_199,0.9608081762864064,0.942671126343753,0.9106883256431325,0.9380558760910973
0,BraTS20_Training_202,0.9608581087027421,0.9454701685755311,0.8806369199691046,0.9289883990824593
0,BraTS20_Training_212,0.9459815898509247,0.9020174552611815,0.7287233240328783,0.8589074563816615
0,BraTS20_Training_213,0.8839360876139103,0.7542635044023162,0.7946670924477087,0.8109555614879783
0,BraTS20_Training_227,0.8601810744266299,0.8279475982532751,0.8024894316580554,0.8302060347793202
0,BraTS20_Training_230,0.9754293906333893,0.9689106021191549,0.982851412334949,0.9757304683624977
0,BraTS20_Training_233,0.9190394889023518,0.6511627906976745,0.8671045982819606,0.8124356259606623
0,BraTS20_Training_238,0.9032083784849548,0.9080219215011617,0.5716681270205759,0.7942994756688974
0,BraTS20_Training_240,0.9009088691976262,0.8939856873209218,0.6800916603013679,0.8249954056066385
0,BraTS20_Training_243,0.9263004003333835,0.85378243787693,0.8067577967530326,0.8622802116544487
0,BraTS20_Training_250,0.9047044025157233,0.30331202789076117,0.8015617042946868,0.6698593782337238
0,BraTS20_Training_253,0.9613052332898561,0.9416904224204954,0.7840477482365709,0.895681134648974
0,BraTS20_Training_261,0.94742276034589,0.7851769344330407,0.6077757207088071,0.7801251384959126
0,BraTS20_Training_264,0.6061058923996584,0.6680386006273601,nan,0.6370722465135092
0,BraTS20_Training_271,0.9585573324259953,0.8860571992859585,0.5276872964169381,0.7907672760429639
0,BraTS20_Training_273,0.8780061175098681,0.8099798902484747,0.4178094390026714,0.7019318155870048
0,BraTS20_Training_274,0.8584668672384341,0.5892562587233781,0.6586026679300594,0.7021085979639571
0,BraTS20_Training_288,0.9191190980490179,0.8122063053569903,0.8774090882300937,0.8695781638787006
0,BraTS20_Training_291,0.959224111950375,0.7112704606496731,0.22410147991543342,0.6315320175051605
0,BraTS20_Training_298,0.8161608141758995,0.44430972900350624,0.11009174311926606,0.4568540954328906
0,BraTS20_Training_306,0.9402772910153786,0.7604125791804474,0.0,0.5668966233986087
0,BraTS20_Training_309,0.9045395156530905,0.7810066302585056,0.5667222685571309,0.7507561381562423
0,BraTS20_Training_317,0.9405873405873406,0.8701018663097628,0.8984158913754086,0.903035032757504
0,BraTS20_Training_330,0.9496229369521787,0.8316908512454412,0.0,0.59377126273254
0,BraTS20_Training_331,0.793604049601248,0.39231128114211067,0.6662444585180494,0.6173865964204693
0,BraTS20_Training_333,0.948155938274433,0.7968018356251793,0.17095569684125542,0.6386378235802892
0,BraTS20_Training_338,0.9506442878759567,0.9731038837512289,0.9434783574299864,0.9557421763523907
0,BraTS20_Training_342,0.9221013328643562,0.8542904968576784,0.791350626492897,0.8559141520716439
0,BraTS20_Training_343,0.9439295271935207,0.9503643933287351,0.9183149357963505,0.9375362854395354
0,BraTS20_Training_351,0.9571333060374092,0.9705610357583231,0.9465275513531138,0.9580739643829488
0,BraTS20_Training_361,0.9214603292382998,0.044121098333724476,0.0,0.3218604758573414
0,BraTS20_Training_368,0.9444269381008722,0.8781535423352259,0.921429924840523,0.914670135092207
0,BraTS20_Training_369,0.9498564615191061,0.9619380438126642,0.9419565564410172,0.9512503539242624
1,BraTS20_Training_003,0.7657729074376312,0.9186746987951807,0.8563228093871349,0.8469234718733155
1,BraTS20_Training_008,0.8419792498004789,0.8626677190213102,0.8286663502610346,0.8444377730276079
1,BraTS20_Training_010,0.8187682993399831,0.9045286715394469,0.8684608915054668,0.8639192874616324
1,BraTS20_Training_020,0.9050337249684625,0.8671937243365815,0.7373747986271626,0.8365340826440688
1,BraTS20_Training_027,0.7516395164633004,0.9332883829770356,0.8487329937455671,0.8445536310619678
1,BraTS20_Training_029,0.9377337661267733,0.9378347899633493,0.8650618586362329,0.9135434715754519
1,BraTS20_Training_033,0.955261076111505,0.9581686359889239,0.9180820405910847,0.9438372508971712
1,BraTS20_Training_048,0.7033129260561851,0.9092268580828473,0.7592378752886836,0.7905925531425719
1,BraTS20_Training_052,0.9186597969823922,0.948429484294843,0.8724343512492605,0.9131745441754986
1,BraTS20_Training_065,0.7968166043780032,0.9332498434564809,0.8972431077694235,0.8757698518679692
1,BraTS20_Training_066,0.9432588829829017,0.9227753822030577,0.827020277100553,0.8976848474288376
1,BraTS20_Training_071,0.9170319203308192,0.7768717568569311,0.8123498531897856,0.8354178434591786
1,BraTS20_Training_076,0.9106233791182403,0.8757095653647378,0.8082448469706434,0.8648592638178738
1,BraTS20_Training_080,0.8979591836734694,0.8486291998175645,0.8314246449839671,0.8593376761583337
1,BraTS20_Training_086,0.7472344908626768,0.22744503411675512,0.2488479262672811,0.4078424837489043
1,BraTS20_Training_088,0.8368224091296455,0.9188272569057075,0.8391156062566153,0.8649217574306561
1,BraTS20_Training_090,0.9375393546603596,0.9729895352125955,0.9369095061120315,0.9491461319949955
1,BraTS20_Training_094,0.9413904165114699,0.9360655737704918,0.9121900826446281,0.9298820243088631
1,BraTS20_Training_096,0.970163545137692,0.9468124152238091,0.9050745729822424,0.9406835111145812
1,BraTS20_Training_098,0.9798517262132735,0.9635636433607763,0.9204118458762339,0.9546090718167614
1,BraTS20_Training_099,0.6372712859407808,0.9377203290246768,0.9271743653766126,0.8340553267806899
1,BraTS20_Training_101,0.9146921551377063,0.906453506246681,0.8933509135430401,0.9048321916424759
1,BraTS20_Training_102,0.9364406779661016,0.9364956301099521,0.8623680786468122,0.9117681289076219
1,BraTS20_Training_111,0.9537506349833493,0.9643576358339687,0.9310275255800547,0.9497119321324576
1,BraTS20_Training_117,0.9631753579266381,0.9637057893315848,0.9345051889368886,0.9537954453983705
1,BraTS20_Training_121,0.9805052328418409,0.975900911008392,0.9390562663364974,0.96515413672891
1,BraTS20_Training_125,0.9752642649838912,0.948877196410378,0.9507113739264941,0.9582842784402544
1,BraTS20_Training_139,0.8710791764543319,0.9004185944040538,0.8467025403579026,0.872733437072096
1,BraTS20_Training_142,0.929172857850421,0.9356105221829604,0.8688873139617292,0.9112235646650367
1,BraTS20_Training_145,0.9354742644600976,0.9364494806421152,0.8208549803528574,0.8975929084850235
1,BraTS20_Training_155,0.9647999448599097,0.9689712696941613,0.9336721819689269,0.955814465507666
1,BraTS20_Training_160,0.9108655210200389,0.8829089219930452,0.8435276984260348,0.8791007138130396
1,BraTS20_Training_165,0.9635258984656575,0.9522108777514655,0.9277595725208868,0.9478321162460032
1,BraTS20_Training_166,0.9492210600236547,0.9744506445716679,0.9553057362866423,0.959659146960655
1,BraTS20_Training_173,0.8988510539158584,0.8796736531157687,0.8968588026576686,0.8917945032297653
1,BraTS20_Training_180,0.8711831367015318,0.9577056562465014,0.9372365592226426,0.9220417840568919
1,BraTS20_Training_182,0.9189977428926479,0.9261707214175221,0.8930892612247332,0.9127525751783011
1,BraTS20_Training_191,0.9473666935806797,0.9285509632241178,0.9281831611729342,0.9347002726592439
1,BraTS20_Training_195,0.9424050188909935,0.9206859768605892,0.8000782910189017,0.8877230955901615
1,BraTS20_Training_196,0.9327470789277946,0.9593626727196597,0.9479281732473605,0.9466793082982715
1,BraTS20_Training_198,0.950368397519392,0.9092516814825267,0.8729261169452557,0.9108487319823914
1,BraTS20_Training_199,0.9657827304689828,0.9440318632535369,0.9114893078577755,0.9404346338600984
1,BraTS20_Training_202,0.9607627582254409,0.9400360376799033,0.8860146468225845,0.9289378142426429
1,BraTS20_Training_212,0.9424305796070739,0.905722135123579,0.7080717235137735,0.8520748127481421
1,BraTS20_Training_213,0.9125291855514353,0.827112201374616,0.8860023724792409,0.8752145864684308
1,BraTS20_Training_227,0.8586986448040625,0.848159792861106,0.7962940681025147,0.8343841685892278
1,BraTS20_Training_230,0.9745228603879473,0.9716362692282728,0.9799758097029969,0.9753783131064058
1,BraTS20_Training_233,0.9467910983488873,0.8088500903070439,0.8727517229786519,0.8761309705448609
1,BraTS20_Training_238,0.9068473997451094,0.9598927873176897,0.5306878233490991,0.7991426701372993
1,BraTS20_Training_240,0.8935003325350308,0.8851101664304966,0.7063823758588935,0.828330958274807
1,BraTS20_Training_243,0.930092882630131,0.8595381449584635,0.8075457875457875,0.865725605044794
1,BraTS20_Training_250,0.9202952174510972,0.8,0.7989102673250468,0.839735161592048
1,BraTS20_Training_253,0.9619504304119244,0.9403415969751718,0.7833758618817526,0.895222629756283
1,BraTS20_Training_261,0.9501878402830181,0.7818780650961444,0.5175667828106852,0.7498775627299493
1,BraTS20_Training_264,0.8757500821415601,0.8618931265271433,nan,0.8688216043343517
1,BraTS20_Training_271,0.9590541183939058,0.8854057554230864,0.1927710843373494,0.6790769860514473
1,BraTS20_Training_273,0.8801967356388097,0.8441652759007113,0.45844820795588814,0.7276034064984698
1,BraTS20_Training_274,0.8707081921234078,0.6055336088604659,0.6830470044475452,0.7197629351438063
1,BraTS20_Training_288,0.9155729572437856,0.7949633915918753,0.8812269507697711,0.8639210998684774
1,BraTS20_Training_291,0.9610424687555529,0.6828564241995951,0.21904761904761905,0.6209821706675891
1,BraTS20_Training_298,0.8685959353991191,0.5000093648742298,0.08,0.4828684334244497
1,BraTS20_Training_306,0.9440956250209851,0.7576627829524236,0.0,0.5672528026578029
1,BraTS20_Training_309,0.9062545729269115,0.7850636588908827,0.5614604462474645,0.750926226021753
1,BraTS20_Training_317,0.944144400227402,0.8064764841942945,0.8902423550310874,0.8802877464842612
1,BraTS20_Training_330,0.9626433836204888,0.8602842511706876,0.0,0.6076425449303922
1,BraTS20_Training_331,0.8274396872951194,0.5188778522111855,0.7064950980392157,0.6842708791818403
1,BraTS20_Training_333,0.9595124784186557,0.8287522074646886,0.1575213853536407,0.648595357078995
1,BraTS20_Training_338,0.9576702864217432,0.9752130501144747,0.9476304283181163,0.9601712549514447
1,BraTS20_Training_342,0.9315372762988507,0.9204452788682179,0.8149037228531273,0.8889620926733987
1,BraTS20_Training_343,0.9435656758792514,0.9517698233497144,0.9186597152716571,0.9379984048335409
1,BraTS20_Training_351,0.9570322479730963,0.9745248047953309,0.9461769311064718,0.959244661291633
1,BraTS20_Training_361,0.9467001947587703,0.05027232555749666,0.0,0.33232417343875564
1,BraTS20_Training_368,0.9475690321794988,0.9476536252303024,0.9178064762389465,0.9376763778829159
1,BraTS20_Training_369,0.9557440745132941,0.9698733150274588,0.953733834460068,0.9597837413336069
2,BraTS20_Training_003,0.7697503165991776,0.9183337900794738,0.8557448962375569,0.8479430009720694
2,BraTS20_Training_008,0.843139145647652,0.8580542264752791,0.8297771455666193,0.8436568392298501
2,BraTS20_Training_010,0.813117958871665,0.9029969049596135,0.8694117647058823,0.8618422095123869
2,BraTS20_Training_020,0.9063723893995657,0.8697928907858493,0.7400986189832769,0.8387546330562307
2,BraTS20_Training_027,0.7480016495218081,0.9332645202270833,0.8491058482358628,0.8434573393282513
2,BraTS20_Training_029,0.9375406582728777,0.9361431299059473,0.8643514965464313,0.912678428241752
2,BraTS20_Training_033,0.9544564674273638,0.9574436567558988,0.9181695497484971,0.9433565579772533
2,BraTS20_Training_048,0.7004548125258416,0.9081129538323621,0.7639484978540773,0.790838754737427
2,BraTS20_Training_052,0.9191523407048784,0.9481365806780985,0.8720629005135664,0.9131172739655145
2,BraTS20_Training_065,0.8015485947005883,0.934908268409148,0.8983903420523138,0.8782824017206833
2,BraTS20_Training_066,0.9425693400020986,0.9219394098017405,0.8270087297345448,0.8971724931794612
2,BraTS20_Training_071,0.9171123326426027,0.7740948813982522,0.8116110045926784,0.8342727395445112
2,BraTS20_Training_076,0.9105006912303901,0.8795608108108108,0.8127699363284207,0.8676104794565406
2,BraTS20_Training_080,0.8974171794069593,0.8473903754196764,0.8326961309068664,0.8591678952445007
2,BraTS20_Training_086,0.7562129690585911,0.23858140784524448,0.2675438596491228,0.4207794121843195
2,BraTS20_Training_088,0.8354599654538363,0.918132309615213,0.8412168102690346,0.8649363617793613
2,BraTS20_Training_090,0.9360035630365672,0.9729869884970771,0.9373853108356085,0.9487919541230841
2,BraTS20_Training_094,0.9421676675685783,0.93768056128766,0.9115364718054837,0.9304615668872408
2,BraTS20_Training_096,0.9697453206505063,0.9467619929143659,0.905015574917611,0.940507629494161
2,BraTS20_Training_098,0.9798800051993186,0.9631311671689856,0.9207327439646379,0.9545813054443141
2,BraTS20_Training_099,0.6444848799930681,0.9393223010244287,0.9295539808253439,0.8377870539476135
2,BraTS20_Training_101,0.914186763399688,0.9063060035842294,0.8934277962013868,0.9046401877284348
2,BraTS20_Training_102,0.9360864067002509,0.9389602189012839,0.8667670035117896,0.9139378763711082
2,BraTS20_Training_111,0.955416176071008,0.9648121359033507,0.9312528788576693,0.9504937302773427
2,BraTS20_Training_117,0.9626665097208326,0.966374835360657,0.9357633701822528,0.9549349050879141
2,BraTS20_Training_121,0.9802248325352324,0.9760126894817963,0.9385284244125255,0.9649219821431848
2,BraTS20_Training_125,0.975282603344001,0.9489947564702913,0.9503822950608123,0.9582198849583682
2,BraTS20_Training_139,0.8710551297784158,0.8965059708093763,0.8449680411079082,0.8708430472319001
2,BraTS20_Training_142,0.9292636398321251,0.9351669941060904,0.8664063424446811,0.9102789921276321
2,BraTS20_Training_145,0.9356865745041255,0.9365769170209416,0.8218896558992465,0.8980510491414379
2,BraTS20_Training_155,0.9625339267148646,0.9685907899292674,0.9324838925084372,0.9545362030508565
2,BraTS20_Training_160,0.9105711784752144,0.8845520294443158,0.8480253384533453,0.8810495154576251
2,BraTS20_Training_165,0.9630335391976091,0.9515211957155254,0.9269799054373522,0.9471782134501622
2,BraTS20_Training_166,0.9501691270098943,0.9743548426081842,0.9548661369502505,0.959796702189443
2,BraTS20_Training_173,0.8993274880083676,0.8808590181445095,0.8994074638760872,0.8931979900096548
2,BraTS20_Training_180,0.8680011319468909,0.9577802783977519,0.9371799117422813,0.920987107362308
2,BraTS20_Training_182,0.9187482565364036,0.924710969076041,0.8930915165254742,0.9121835807126395
2,BraTS20_Training_191,0.9465982229962876,0.9292369777898499,0.929073402240628,0.9349695343422552
2,BraTS20_Training_195,0.9420793715997555,0.9205572165456517,0.8015527256478999,0.888063104597769
2,BraTS20_Training_196,0.9343998295611199,0.9592531769736915,0.9480527823818885,0.9472352629722334
2,BraTS20_Training_198,0.9504016171589899,0.9092704024069199,0.8725226555578008,0.9107315583745702
2,BraTS20_Training_199,0.9662227415258784,0.9442254767732924,0.9112898119419997,0.9405793434137234
2,BraTS20_Training_202,0.9612085800434313,0.9394973131467558,0.8871890669550684,0.9292983200484185
2,BraTS20_Training_212,0.9407238567043044,0.9030669702273292,0.7066077803332816,0.8501328690883051
2,BraTS20_Training_213,0.9197930478641811,0.842430391162214,0.9106717920556471,0.8909650770273473
2,BraTS20_Training_227,0.8587606487549148,0.8349624060150376,0.7844806616395038,0.8260679054698188
2,BraTS20_Training_230,0.9746617767364725,0.9711294622537227,0.9797592629950911,0.9751835006617621
2,BraTS20_Training_233,0.9486024486024486,0.8189168573607933,0.8731731899882412,0.8802308319838277
2,BraTS20_Training_238,0.9078439247428095,0.9600606566334722,0.5289312268944796,0.7989452694235871
2,BraTS20_Training_240,0.8921075250474048,0.880644435697014,0.7077648403457389,0.8268389336967191
2,BraTS20_Training_243,0.9337312664299846,0.8599114909201893,0.80806971294669,0.8672374900989546
2,BraTS20_Training_250,0.9187829890898613,0.8020304568527918,0.7955631399317407,0.8387921952914645
2,BraTS20_Training_253,0.9617826293088495,0.9404462338533803,0.7834048796391893,0.8952112476004729
2,BraTS20_Training_261,0.9500789186126513,0.7804683759380019,0.5041425324437275,0.7448966089981269
2,BraTS20_Training_264,0.8966252978201344,0.8668036110060003,0.0,0.5878096362753783
2,BraTS20_Training_271,0.9589737479645737,0.8879595149431873,0.26153846153846155,0.7028239081487407
2,BraTS20_Training_273,0.8808987615070152,0.8429372965978117,0.47374847374847373,0.7325281772844335
2,BraTS20_Training_274,0.8726504320960667,0.6096839742812084,0.6880653548382424,0.7234665870718392
2,BraTS20_Training_288,0.9148747254507947,0.7923797030588516,0.8817971743645245,0.8630172009580569
2,BraTS20_Training_291,0.9618029011713083,0.6819778696556175,0.19047619047619047,0.6114189871010388
2,BraTS20_Training_298,0.8723391858297079,0.5108332066291622,0.07582938388625593,0.4863339254483754
2,BraTS20_Training_306,0.9450197066488641,0.7557730473316477,0.0,0.5669309179935039
2,BraTS20_Training_309,0.9078176448623511,0.7872658537278645,0.5675296006421834,0.7542043664107997
2,BraTS20_Training_317,0.9432140829074389,0.8034806582234858,0.8896797153024911,0.8787914854778053
2,BraTS20_Training_330,0.962644615771859,0.860143302521468,0.0,0.6075959727644423
2,BraTS20_Training_331,0.8295739139840416,0.5693778442930881,0.7051242712488494,0.7013586765086597
2,BraTS20_Training_333,0.9609269015995204,0.8300485704432576,0.14802390187650696,0.6463331246397618
2,BraTS20_Training_338,0.9591177566307505,0.9746410457889849,0.9473950541230309,0.9603846188475887
2,BraTS20_Training_342,0.933406363591097,0.927959051896819,0.81803582205583,0.8931337458479153
2,BraTS20_Training_343,0.9436378201519163,0.9518687283683175,0.9187050144849626,0.9380705210017322
2,BraTS20_Training_351,0.9574393832851524,0.973944625750079,0.9468674620249038,0.9594171570200452
2,BraTS20_Training_361,0.9483224088614868,0.047930614729153984,0.0,0.33208434119688024
2,BraTS20_Training_368,0.9486003228852539,0.9501033844814452,0.917208413001912,0.9386373734562037
2,BraTS20_Training_369,0.9576237318001398,0.9687631190235559,0.9547056644802083,0.9603641717679681
4,BraTS20_Training_003,0.7724066422635225,0.9184760344121262,0.8569034852546917,0.8492620539767802
4,BraTS20_Training_008,0.8441195501039387,0.8590710599444223,0.8330188679245283,0.8454031593242964
4,BraTS20_Training_010,0.8082437275985663,0.9032160879716804,0.8710568153292612,0.8608388769665026
4,BraTS20_Training_020,0.9073304353004228,0.8707636968128818,0.7410782080485953,0.8397241133872999
4,BraTS20_Training_027,0.7439219584519737,0.9329681017884436,0.8490511325192512,0.8419803975865562
4,BraTS20_Training_029,0.9375478202206518,0.9355135556027465,0.8657544732561477,0.9129386163598486
4,BraTS20_Training_033,0.9542348244446719,0.957101719319048,0.9178548431607028,0.9430637956414741
4,BraTS20_Training_048,0.7029819002560875,0.9092264122820093,0.7667331244659641,0.7929804790013536
4,BraTS20_Training_052,0.9179585901820639,0.9479091564527757,0.8721695330580388,0.9126790932309595
4,BraTS20_Training_065,0.8063299663299663,0.9350094280326838,0.898191560616209,0.8798436516596198
4,BraTS20_Training_066,0.9428224375835642,0.9207470644032316,0.8253798670465338,0.8963164563444431
4,BraTS20_Training_071,0.9173383340991791,0.7695743810752147,0.8103856638512759,0.8324327930085565
4,BraTS20_Training_076,0.9111129793545752,0.8819534100477125,0.8140185670501489,0.8690283188174789
4,BraTS20_Training_080,0.8981478263891302,0.8478028412851978,0.8340848299579672,0.8600118325440983
4,BraTS20_Training_086,0.7617399282675786,0.26573426573426573,0.28205128205128205,0.43650849201770886
4,BraTS20_Training_088,0.8348100677997585,0.9184947387194579,0.8447219466651106,0.866008917728109
4,BraTS20_Training_090,0.9341159522459426,0.973388332351208,0.9377541445104786,0.9484194763692098
4,BraTS20_Training_094,0.9411609091510328,0.935022476501839,0.920553562275756,0.9322456493095426
4,BraTS20_Training_096,0.9701940265300016,0.9469907185915224,0.9057779584095373,0.9409875678436871
4,BraTS20_Training_098,0.9797998454034901,0.9630170182298838,0.9211365859883449,0.9546511498739063
4,BraTS20_Training_099,0.6451584964489867,0.9378930817610063,0.9335548172757475,0.8388687984952469
4,BraTS20_Training_101,0.9147625907872834,0.9068155672156907,0.8936764261998189,0.9050848614009309
4,BraTS20_Training_102,0.9351045835224225,0.9410655021834061,0.8711212099694667,0.9157637652250985
4,BraTS20_Training_111,0.9555321534123722,0.9647086411068121,0.9308867094250626,0.9503758346480824
4,BraTS20_Training_117,0.9626285033733158,0.9694024338089499,0.9385737115461447,0.9568682162428034
4,BraTS20_Training_121,0.9798980757103168,0.9763458889753878,0.9386440584656885,0.9649626743837977
4,BraTS20_Training_125,0.9750250812232993,0.9496390729874625,0.9497756689583938,0.9581466077230519
4,BraTS20_Training_139,0.8702682666913775,0.8943989373477972,0.845826021559288,0.8701644085328208
4,BraTS20_Training_142,0.9293405882576766,0.9343940286780593,0.8650379506641366,0.909590855866624
4,BraTS20_Training_145,0.9355573321704581,0.9363716702436561,0.822756765310967,0.8982285892416937
4,BraTS20_Training_155,0.9615208334758487,0.9684142779345513,0.9314702001120773,0.9538017705074924
4,BraTS20_Training_160,0.9110526785297078,0.8844820377576946,0.8520751640876446,0.8825366267916824
4,BraTS20_Training_165,0.9629132910006569,0.9515836400393967,0.9263319869205616,0.9469429726535384
4,BraTS20_Training_166,0.9510218617528462,0.9740993623590297,0.9542862352238081,0.959802486445228
4,BraTS20_Training_173,0.9006524693045632,0.8802430584859482,0.9013410957479987,0.8940788745128367
4,BraTS20_Training_180,0.8653232168213307,0.9577769488996644,0.9372809686289311,0.9201270447833086
4,BraTS20_Training_182,0.9197388730042256,0.9229755178907721,0.8929977335082906,0.9119040414677627
4,BraTS20_Training_191,0.9443696915002101,0.9293875873407316,0.9296315936525315,0.9344629574978244
4,BraTS20_Training_195,0.9418728092138208,0.9202659994732684,0.8015083798882682,0.8878823961917858
4,BraTS20_Training_196,0.935820577965232,0.9593737941679069,0.9477027530957861,0.9476323750763084
4,BraTS20_Training_198,0.951247451703718,0.9091473218063352,0.8718236173393124,0.9107394636164553
4,BraTS20_Training_199,0.9658395446860191,0.9443345734161285,0.9104856092303791,0.9402199091108422
4,BraTS20_Training_202,0.961769325995818,0.9391137593315526,0.8871627467946197,0.9293486107073301
4,BraTS20_Training_212,0.9386045754465563,0.9013526888815573,0.707892687761025,0.8492833173630462
4,BraTS20_Training_213,0.9259227019498607,0.8532469901495805,0.9134532990574121,0.8975409970522845
4,BraTS20_Training_227,0.8585796387520526,0.8247579267134991,0.7753951721602744,0.8195775792086087
4,BraTS20_Training_230,0.9750359764194712,0.970989983088331,0.97986216170785,0.9752960404052174
4,BraTS20_Training_233,0.948745343767145,0.8209206300657593,0.8692166360447636,0.8796275366258893
4,BraTS20_Training_238,0.9094439649858217,0.9596707261301851,0.5292532744135147,0.7994559885098406
4,BraTS20_Training_240,0.8922015037988636,0.8789488556089291,0.7067927773000859,0.8259810455692929
4,BraTS20_Training_243,0.9365643075158935,0.8598026248855428,0.8085837537471667,0.8683168953828678
4,BraTS20_Training_250,0.9156268916095522,0.8006967629554362,0.7944785276073619,0.8369340607241168
4,BraTS20_Training_253,0.9618599067276169,0.9403524458850266,0.7831567508829123,0.8951230344985186
4,BraTS20_Training_261,0.9499000343316437,0.7812660049522762,0.5013266509433962,0.7441642300757719
4,BraTS20_Training_264,0.9047833366338416,0.868487028558971,nan,0.8866351825964063
4,BraTS20_Training_271,0.9592144117005886,0.8867547018807523,0.35507246376811596,0.7336805257831523
4,BraTS20_Training_273,0.8813467181180143,0.8358411463544386,0.47783251231527096,0.7316734589292414
4,BraTS20_Training_274,0.8739399969163547,0.6141799533658588,0.6931328769198584,0.727084275734024
4,BraTS20_Training_288,0.9133578841647138,0.7912140887931424,0.881427317929219,0.861999763629025
4,BraTS20_Training_291,0.9625356142196791,0.6865585516271353,0.1888412017167382,0.6126451225211842
4,BraTS20_Training_298,0.8683037007007587,0.5049093585229072,0.0891089108910891,0.4874406567049183
4,BraTS20_Training_306,0.9457069967797248,0.7549317229748109,0.0,0.5668795732515118
4,BraTS20_Training_309,0.9094128321100668,0.7884493023678589,0.5859359258512996,0.7612660201097419
4,BraTS20_Training_317,0.94160876221882,0.8056652360515022,0.8879310344827587,0.8784016775843604
4,BraTS20_Training_330,0.9619801869887751,0.8564620508515881,0.0,0.6061474126134544
4,BraTS20_Training_331,0.826476561528578,0.5877859679945002,0.6989811670268602,0.7044145655166462
4,BraTS20_Training_333,0.9605440249344762,0.8252823685001892,0.13558249868212968,0.6404696307055984
4,BraTS20_Training_338,0.960190136660725,0.9744382846764535,0.9464474379292129,0.9603586197554638
4,BraTS20_Training_342,0.9341187299884443,0.9324088167314956,0.8217716768311338,0.8960997411836912
4,BraTS20_Training_343,0.9440781550576304,0.952124744681911,0.9188025241498938,0.9383351412964783
4,BraTS20_Training_351,0.9579222724365142,0.9742766119902057,0.9473547041959864,0.9598511962075689
4,BraTS20_Training_361,0.9461249792029972,0.04575563395492836,0.0,0.3306268710526418
4,BraTS20_Training_368,0.9502265195050017,0.9522665866106275,0.9174054467759424,0.9399661842971905
4,BraTS20_Training_369,0.9589366946372583,0.9686836889355253,0.9542074924514566,0.9606092920080801
8,BraTS20_Training_003,0.7751910883694322,0.9195433541723295,0.8604225586424887,0.8517190003947501
8,BraTS20_Training_008,0.8457380457380458,0.8628370457209847,0.8344308560677328,0.8476686491755877
8,BraTS20_Training_010,0.8042127729854026,0.9041588609966279,0.8733777038269551,0.8605831126029951
8,BraTS20_Training_020,0.9074194104669763,0.8710448349852804,0.7413460688069338,0.8399367714197302
8,BraTS20_Training_027,0.7443054759577027,0.932690782167222,0.84914653784219,0.8420475986557049
8,BraTS20_Training_029,0.9372606823178715,0.9362062875309078,0.8694658668951728,0.9143109455813173
8,BraTS20_Training_033,0.9552827527389621,0.9571401358816433,0.9176117207135414,0.9433448697780489
8,BraTS20_Training_048,0.7043921483570111,0.9088209088209088,0.7688826025459689,0.7940318865746296
8,BraTS20_Training_052,0.9168779649926386,0.9479282473483369,0.8714065475650675,0.9120709199686811
8,BraTS20_Training_065,0.8136584702241267,0.9338511651215234,0.896781724195431,0.8814304531803604
8,BraTS20_Training_066,0.9429896178060302,0.920476423560124,0.8252013263855993,0.8962224559172512
8,BraTS20_Training_071,0.9174752910271419,0.7705741927377812,0.8113974364700103,0.8331489734116445
8,BraTS20_Training_076,0.9110764430577223,0.8799707930802066,0.8105421954033188,0.8671964771804159
8,BraTS20_Training_080,0.8992623302027724,0.8493651599796851,0.8359868972347071,0.8615381291390548
8,BraTS20_Training_086,0.7666589076750534,0.2844996729888816,0.2791666666666667,0.4434417491102005
8,BraTS20_Training_088,0.8338579011081106,0.9191932683317751,0.8480092996222028,0.8670201563540295
8,BraTS20_Training_090,0.9326635936231795,0.9735756547156024,0.9378404929891936,0.9480265804426584
8,BraTS20_Training_094,0.9407936964653284,0.9255404323458767,0.9299748110831234,0.9321029799647761
8,BraTS20_Training_096,0.9705765041573344,0.9474002900074892,0.9060863283366444,0.941354374167156
8,BraTS20_Training_098,0.9798266556302716,0.9636028501471843,0.9221439666361683,0.9551911574712081
8,BraTS20_Training_099,0.6432269197584124,0.932448262397501,0.9376290788930194,0.837768087016311
8,BraTS20_Training_101,0.9150243822297232,0.9076560130315116,0.8930893694238621,0.9052565882283656
8,BraTS20_Training_102,0.9341164348274086,0.9414142822291152,0.8721995209243342,0.9159100793269527
8,BraTS20_Training_111,0.9550804925851658,0.9643933168994796,0.9302512793973895,0.9499083629606783
8,BraTS20_Training_117,0.9623308098187657,0.9705104263927793,0.9387673559085007,0.9572028640400152
8,BraTS20_Training_121,0.9798946129840896,0.9766668663511652,0.9392745999834761,0.9652786931062436
8,BraTS20_Training_125,0.9746699324929805,0.9504761369701397,0.9499524507986654,0.9583661734205952
8,BraTS20_Training_139,0.8698725699934889,0.8949227373068432,0.8470970970970971,0.8706308014658098
8,BraTS20_Training_142,0.9290298082399848,0.9362831858407079,0.8704271890488553,0.911913394376516
8,BraTS20_Training_145,0.9356899952802217,0.9366503663612338,0.8234702785640592,0.8986035467351715
8,BraTS20_Training_155,0.9612570452604612,0.968848624364163,0.9319615961813152,0.9540224219353132
8,BraTS20_Training_160,0.9117898071052196,0.8848952307494536,0.8516526610644257,0.8827792329730331
8,BraTS20_Training_165,0.9633024385238893,0.9523908227643119,0.9266379552753482,0.9474437388545165
8,BraTS20_Training_166,0.950908551628679,0.9739995004552303,0.9544519958270452,0.9597866826369849
8,BraTS20_Training_173,0.9021153133035318,0.8819109943967757,0.9007094653054162,0.8949119243352411
8,BraTS20_Training_180,0.8652847664680257,0.9574472053164572,0.9370824439598375,0.9199381385814401
8,BraTS20_Training_182,0.9200131416007481,0.9220852545403219,0.8938574061961111,0.911985267445727
8,BraTS20_Training_191,0.9417707901285773,0.9279057465736956,0.9294224124681948,0.9330329830568226
8,BraTS20_Training_195,0.9414087951964234,0.9192452332255724,0.8002125695745812,0.8869555326655257
8,BraTS20_Training_196,0.9364689693994027,0.959700176366843,0.947935691318328,0.9480349456948579
8,BraTS20_Training_198,0.9522345948933241,0.9089662040908365,0.8707413114192776,0.9106473701344794
8,BraTS20_Training_199,0.9650704593677378,0.944712235680842,0.9104962225002772,0.9400929725162857
8,BraTS20_Training_202,0.9618441309865602,0.9391296406228595,0.8869435209411209,0.9293057641835135
8,BraTS20_Training_212,0.9367416792589702,0.9009548447105672,0.7063994572898411,0.8480319937531261
8,BraTS20_Training_213,0.9278442019526967,0.8547117731596596,0.9131484821619639,0.8985681524247734
8,BraTS20_Training_227,0.854722478562467,0.8238090710278596,0.7761449914278716,0.8182255136727328
8,BraTS20_Training_230,0.9756452158858228,0.9714749837556855,0.9801747311827957,0.9757649769414346
8,BraTS20_Training_233,0.9472289434266621,0.8174071819841753,0.8701602136181575,0.8782654463429983
8,BraTS20_Training_238,0.9108499240425362,0.9593240571808341,0.5297541506139305,0.799976043945767
8,BraTS20_Training_240,0.892679375946802,0.8815581287892578,0.7028676888131743,0.8257017311830781
8,BraTS20_Training_243,0.9371197574532593,0.8595435737313736,0.80917918318362,0.8686141714560843
8,BraTS20_Training_250,0.9131721596539062,0.7989661114302126,0.7948149411564046,0.8356510707468411
8,BraTS20_Training_253,0.9612669557995756,0.9398311702800194,0.7812914939164838,0.8941298733320262
8,BraTS20_Training_261,0.9497578692493946,0.7833855042506237,0.5115081991322892,0.7482171908774359
8,BraTS20_Training_264,0.9080378635680803,0.8676940011007155,nan,0.8878659323343978
8,BraTS20_Training_271,0.9592248767839117,0.8836529888262857,0.4280936454849498,0.7569905036983825
8,BraTS20_Training_273,0.8808642606730707,0.8201783298060576,0.47068338050950265,0.7239086569962104
8,BraTS20_Training_274,0.8753379742166695,0.6225341212624398,0.6994324582236158,0.7324348512342417
8,BraTS20_Training_288,0.9108127208480565,0.7928436911487758,0.8807672065961055,0.8614745395309793
8,BraTS20_Training_291,0.9627204232694158,0.6956336372550811,0.19047619047619047,0.6162767503335624
8,BraTS20_Training_298,0.8637880124247421,0.5024581377296418,0.13872832369942195,0.5016581579512686
8,BraTS20_Training_306,0.9454159185448706,0.7541329427645493,0.0,0.56651628710314
8,BraTS20_Training_309,0.9105356907466682,0.7883220812312662,0.6066487714226719,0.7685021811335354
8,BraTS20_Training_317,0.9418103955387186,0.8124840980408786,0.8866031108881084,0.8802992014892351
8,BraTS20_Training_330,0.9610127799663393,0.8556517517598511,0.0,0.6055548439087302
8,BraTS20_Training_331,0.8232020477252084,0.5961298377028714,0.6963512677798392,0.705227717735973
8,BraTS20_Training_333,0.9591885866208903,0.8193276902593806,0.12213254035683942,0.6335496057457034
8,BraTS20_Training_338,0.960937247392643,0.9744916585977556,0.9457029528426619,0.9603772862776868
8,BraTS20_Training_342,0.9348444556444928,0.9344883899911776,0.8238922649402999,0.8977417035253233
8,BraTS20_Training_343,0.944219990508805,0.9522322355579551,0.918608659163457,0.9383536284100723
8,BraTS20_Training_351,0.958056638087815,0.9746855428661649,0.9489839050560884,0.9605753620033561
8,BraTS20_Training_361,0.9452265511555217,0.046261647956563214,0.0,0.33049606637069495
8,BraTS20_Training_368,0.9505343455859595,0.9529652351738241,0.9197084937784425,0.9410693581794088
8,BraTS20_Training_369,0.9592567348778019,0.9689452593082519,0.9538086649067692,0.9606702196976077
16,BraTS20_Training_003,0.7749447451872258,0.9195121951219513,0.8607343698312934,0.8517304367134901
16,BraTS20_Training_008,0.8456784945334563,0.8623713305375524,0.8385587271876462,0.8488695174195516
16,BraTS20_Training_010,0.8017779821435415,0.9060748711051334,0.8760563380281691,0.8613030637589479
16,BraTS20_Training_020,0.9069899590925995,0.8716923582271651,0.7410959870230622,0.839926101447609
16,BraTS20_Training_027,0.7473275463093612,0.9322551234788123,0.8490663232453316,0.842882997677835
16,BraTS20_Training_029,0.9368070221752904,0.9372178329571106,0.8722375035568624,0.9154207862297544
16,BraTS20_Training_033,0.9566082082806002,0.9574747175559599,0.9177566085704659,0.9439465114690088
16,BraTS20_Training_048,0.7040410408016868,0.9087149187592319,0.772982062780269,0.7952460074470625
16,BraTS20_Training_052,0.9168235390407595,0.94765625,0.8709414112098676,0.9118070667502091
16,BraTS20_Training_065,0.8183530862505994,0.9323834520684915,0.8948241539482416,0.8818535640891109
16,BraTS20_Training_066,0.9428661230334038,0.919851552835471,0.82563496751329,0.896117547794055
16,BraTS20_Training_071,0.9174932245536588,0.7735878481644366,0.811763655837201,0.8342815761850989
16,BraTS20_Training_076,0.9101027705991946,0.8743721428974547,0.8043148792012125,0.8629299308992873
16,BraTS20_Training_080,0.8994512999791633,0.8494634541405143,0.8354968496166401,0.8614705345787725
16,BraTS20_Training_086,0.7677009090521104,0.30217755443886096,0.2946058091286307,0.45482809087320075
16,BraTS20_Training_088,0.8316310335169452,0.9194481530930129,0.8498869368585841,0.8669887078228474
16,BraTS20_Training_090,0.932395922878546,0.9738101412036492,0.9382087686400572,0.9481382775740842
16,BraTS20_Training_094,0.9402704317613473,0.9167321288295365,0.9323383084577115,0.929780289682865
16,BraTS20_Training_096,0.9705272852866682,0.9474389019082692,0.9061779726126452,0.9413813866025276
16,BraTS20_Training_098,0.9800710379895838,0.9642484198955757,0.9222323879231473,0.9555172819361024
16,BraTS20_Training_099,0.644720335683696,0.9271317829457364,0.9429626590069758,0.8382715925454693
16,BraTS20_Training_101,0.9151621044457386,0.9084939809748296,0.8928044768782849,0.9054868540996176
16,BraTS20_Training_102,0.9330742838245628,0.9413240418118467,0.8711578947368421,0.915185406791084
16,BraTS20_Training_111,0.9548482269503547,0.9639351969753365,0.9291737416179814,0.9493190551812242
16,BraTS20_Training_117,0.9614170075038898,0.9707220342937128,0.9388101417448592,0.9569830611808205
16,BraTS20_Training_121,0.9801544754867481,0.9766647694934547,0.9393747417711059,0.9653979955837695
16,BraTS20_Training_125,0.9745346625369731,0.9505758693950576,0.9500104647980294,0.9583736655766867
16,BraTS20_Training_139,0.869496379426762,0.8948876156897312,0.8457400225197047,0.8700413392120661
16,BraTS20_Training_142,0.9284522003034902,0.9369900717585766,0.8775916598336653,0.9143446439652441
16,BraTS20_Training_145,0.9355625344152583,0.9363037140321967,0.822784139100933,0.8982167958494626
16,BraTS20_Training_155,0.9613243050167316,0.9691856653348012,0.9331045692613329,0.9545381798709552
16,BraTS20_Training_160,0.9116136841434669,0.8867916060242741,0.8493177415083557,0.8825743438920322
16,BraTS20_Training_165,0.964171121163454,0.9535085335714193,0.9273090290615987,0.9483295612654907
16,BraTS20_Training_166,0.9503643543631464,0.9741212077306352,0.954742753073304,0.9597427717223619
16,BraTS20_Training_173,0.9029407692746211,0.8861106449628013,0.8991292975875004,0.8960602372749742
16,BraTS20_Training_180,0.8678281188550826,0.9572476379910493,0.9369422137275152,0.9206726568578825
16,BraTS20_Training_182,0.9198666127728375,0.9240441003987802,0.8954763739847038,0.9131290290521071
16,BraTS20_Training_191,0.9407871968121407,0.9265767946057594,0.9290839008971108,0.932149297438337
16,BraTS20_Training_195,0.9413239216315399,0.9192569128225434,0.8005927417100039,0.8870578587213624
16,BraTS20_Training_196,0.9359001639734138,0.9598677685950413,0.9481860620635554,0.9479846648773368
16,BraTS20_Training_198,0.9525609159314118,0.9090670294103851,0.8700153910731776,0.9105477788049914
16,BraTS20_Training_199,0.965005050204979,0.9455126879764022,0.9114804915466005,0.9406660765759939
16,BraTS20_Training_202,0.9617244053101859,0.9394579172610557,0.8864835078327954,0.9292219434680123
16,BraTS20_Training_212,0.9360516088509703,0.9005791271899004,0.7037736380802074,0.8468014580403594
16,BraTS20_Training_213,0.9277194324662679,0.8535263852843419,0.9105973377196991,0.8972810518234362
16,BraTS20_Training_227,0.8517852287226254,0.8333804276160874,0.7853848021364409,0.8235168194917178
16,BraTS20_Training_230,0.9759144413503889,0.9716307452609712,0.9802143169068495,0.9759198345060698
16,BraTS20_Training_233,0.9464059804485336,0.8087218045112782,0.8685657171414293,0.8745645007004136
16,BraTS20_Training_238,0.9113388125048006,0.9593132713111391,0.530008939275295,0.8002203410304115
16,BraTS20_Training_240,0.8928607724410146,0.8877114551425339,0.6994320970342846,0.8266681082059444
16,BraTS20_Training_243,0.9362328032332283,0.8588944621776359,0.8093531690013392,0.8681601448040679
16,BraTS20_Training_250,0.9124630038902459,0.793322959400198,0.7965323814380418,0.8341061149094952
16,BraTS20_Training_253,0.9614608206157502,0.939733095755146,0.7794109700081059,0.893534962126334
16,BraTS20_Training_261,0.9497906936376518,0.7846651098250246,0.5311004784688995,0.7551854273105253
16,BraTS20_Training_264,0.9091337441101849,0.86735176984989,nan,0.8882427569800375
16,BraTS20_Training_271,0.9592282525970368,0.8772550939700953,0.45161290322580644,0.7626987499309795
16,BraTS20_Training_273,0.8802311756781596,0.8096164397226794,0.4599881446354475,0.7166119200120956
16,BraTS20_Training_274,0.8768272427656695,0.632120022978044,0.7055103948842752,0.7381525535426628
16,BraTS20_Training_288,0.9096444507449185,0.7943590055315787,0.8800958531809814,0.8613664364858261
16,BraTS20_Training_291,0.9623715815195665,0.7007761839261152,0.19205298013245034,0.618400248526044
16,BraTS20_Training_298,0.86084358624376,0.5063678233791419,0.14285714285714285,0.5033561841600149
16,BraTS20_Training_306,0.9447989709275882,0.7530545498299078,0.0,0.565951173585832
16,BraTS20_Training_309,0.9108391549305295,0.7889574389446451,0.6106743897393463,0.7701569945381737
16,BraTS20_Training_317,0.9427596753323139,0.8182582380632145,0.8836287024414425,0.881548871945657
16,BraTS20_Training_330,0.9609362031760084,0.8571196578883266,0.0,0.6060186203547783
16,BraTS20_Training_331,0.822976854756166,0.6121671319065976,0.6955445544554455,0.7102295137060697
16,BraTS20_Training_333,0.958522767379784,0.8230097340938329,0.11610566680869194,0.632546056094103
16,BraTS20_Training_338,0.9612824383581339,0.9744868384484059,0.9456008820286659,0.9604567196117353
16,BraTS20_Training_342,0.9350184468700202,0.935590103487423,0.8253729523190114,0.8986605008921517
16,BraTS20_Training_343,0.9442128620167766,0.9524726985840635,0.9190097524381096,0.9385651043463166
16,BraTS20_Training_351,0.9578240625259832,0.9750078922445543,0.9499805118877485,0.9609374888860952
16,BraTS20_Training_361,0.9454102535710331,0.04781747902328651,0.0,0.3310759108647732
16,BraTS20_Training_368,0.9502139575479132,0.9523550823056446,0.9235156200494266,0.9420282199676615
16,BraTS20_Training_369,0.9588418677942661,0.9688358803883254,0.9532848809409965,0.9603208763745293
32,BraTS20_Training_003,0.7742545991114532,0.9196803467425166,0.8607762180016515,0.8515703879518738
32,BraTS20_Training_008,0.8456535755333165,0.8619119878603946,0.8383177570093457,0.8486277734676856
32,BraTS20_Training_010,0.8009466547268773,0.9061029356838725,0.8762425447316103,0.8610973783807867
32,BraTS20_Training_020,0.9069037968204084,0.8718054584609899,0.7408764912157042,0.8398619154990342
32,BraTS20_Training_027,0.7486751989322414,0.9322154834106314,0.8490663232453316,0.8433190018627349
32,BraTS20_Training_029,0.9368233430155796,0.9372355430183357,0.8725480905903534,0.9155356588747563
32,BraTS20_Training_033,0.9569322116135823,0.9574765168824575,0.9177847209459046,0.9440644831473147
32,BraTS20_Training_048,0.704132878231189,0.907857879994103,0.7749510763209393,0.7956472781820771
32,BraTS20_Training_052,0.9169481463284817,0.947618332081142,0.8707877908295161,0.9117847564130465
32,BraTS20_Training_065,0.8191315983599526,0.932050961778666,0.8944140560251947,0.8818655387212712
32,BraTS20_Training_066,0.942705968637586,0.9198776360322832,0.8254324340279827,0.8960053462326173
32,BraTS20_Training_071,0.9174929376338745,0.7747758964143426,0.8121347312067811,0.8348011884183327
32,BraTS20_Training_076,0.9094956739389418,0.8716237237322171,0.800572732560741,0.8605640434106334
32,BraTS20_Training_080,0.8992309117865085,0.8494966358071533,0.8355582524271845,0.8614286000069488
32,BraTS20_Training_086,0.7680525164113785,0.30601454064771977,0.31275720164609055,0.46227475290172954
32,BraTS20_Training_088,0.8311445704358222,0.9191595441595442,0.8500202910313641,0.8667748018755769
32,BraTS20_Training_090,0.9325754666257009,0.9737375642415955,0.9381194749531209,0.9481441686068058
32,BraTS20_Training_094,0.9393564356435643,0.915068493150685,0.933068914229053,0.9291646143411008
32,BraTS20_Training_096,0.9703590538849522,0.9473499585432744,0.9059392514915928,0.9412160879732733
32,BraTS20_Training_098,0.980192563740104,0.964342618537443,0.9222127659574468,0.9555826494116646
32,BraTS20_Training_099,0.6466733214704223,0.9246231155778895,0.9434426229508197,0.8382463533330439
32,BraTS20_Training_101,0.9150856758875574,0.9086320040383644,0.8928962988166799,0.9055379929142006
32,BraTS20_Training_102,0.9325714758917666,0.940831909626582,0.8701207525975849,0.9145080460386446
32,BraTS20_Training_111,0.9549600717912601,0.9635133810410744,0.929153821775332,0.9492090915358888
32,BraTS20_Training_117,0.9612121052908107,0.9708375456878451,0.9390036937206748,0.9570177815664436
32,BraTS20_Training_121,0.9803455332465572,0.9767225883762732,0.9394523717701504,0.9655068311309937
32,BraTS20_Training_125,0.974572669438062,0.9506645074826893,0.950184293969,0.9584738236299172
32,BraTS20_Training_139,0.869431643625192,0.8951249037085947,0.8461730865432716,0.8702432112923527
32,BraTS20_Training_142,0.9280782945148319,0.9370821863940229,0.8786708786708787,0.9146104531932445
32,BraTS20_Training_145,0.9355227095345559,0.9362808018382062,0.8226841295932976,0.8981625469886865
32,BraTS20_Training_155,0.9614946597309859,0.9691910009523456,0.9333574072402275,0.9546810226411863
32,BraTS20_Training_160,0.9117284841896058,0.8878389192995935,0.849167769343269,0.8829117242774894
32,BraTS20_Training_165,0.9644767089310123,0.9537016674643933,0.9273587695947945,0.9485123819967334
32,BraTS20_Training_166,0.950143866798035,0.9741010205067122,0.9548066030101958,0.9596838301049809
32,BraTS20_Training_173,0.9030463921303572,0.8868923696013638,0.8988485994157072,0.8962624537158094
32,BraTS20_Training_180,0.8690631263245371,0.9572217111315547,0.9369931859525792,0.921092674469557
32,BraTS20_Training_182,0.9199378795722276,0.9247644494445225,0.8961308289387925,0.9136110526518476
32,BraTS20_Training_191,0.9408248229726364,0.9265466881324746,0.9290525753329657,0.9321413621460256
32,BraTS20_Training_195,0.9413215435050678,0.9194378463974664,0.8009948858396445,0.8872514252473929
32,BraTS20_Training_196,0.9354417579527702,0.9599039192569169,0.9482199814795761,0.9478552195630877
32,BraTS20_Training_198,0.9526439454497009,0.9088947876900566,0.8699071987066889,0.9104819772821487
32,BraTS20_Training_199,0.9650062976781768,0.9460244879970251,0.9117149586633154,0.9409152481128391
32,BraTS20_Training_202,0.9616779868321753,0.9395440125978501,0.8864615929621539,0.9292278641307264
32,BraTS20_Training_212,0.9359627312936742,0.9003756574004508,0.7034710091846509,0.8466031326262585
32,BraTS20_Training_213,0.9276040127266721,0.8538706739526412,0.9099650083675643,0.897146565015626
32,BraTS20_Training_227,0.8508488786417941,0.8415157737539668,0.7892061955469506,0.8271902826475706
32,BraTS20_Training_230,0.975910631382185,0.9716028948820303,0.9802828255685062,0.9759321172775738
32,BraTS20_Training_233,0.9459319696621467,0.8037662531759079,0.8656369373858163,0.8717783867412904
32,BraTS20_Training_238,0.9113743609909556,0.9593227652904519,0.5300640368142377,0.8002537210318817
32,BraTS20_Training_240,0.8929449481737899,0.8888980455176013,0.6993143976493633,0.8270524637802515
32,BraTS20_Training_243,0.9358945797976116,0.8588503418586984,0.8091001157407407,0.8679483457990168
32,BraTS20_Training_250,0.9122285802859837,0.7905082841898343,0.7967396841569027,0.8331588495442402
32,BraTS20_Training_253,0.9615122890788093,0.9398775282983856,0.7793084819016748,0.8935660997596232
32,BraTS20_Training_261,0.949842323517417,0.7847719084589232,0.5354615051278347,0.7566919123680583
32,BraTS20_Training_264,0.9095490139211136,0.8678961024467818,nan,0.8887225581839477
32,BraTS20_Training_271,0.9594125078963992,0.8708200153273893,0.4495114006514658,0.7599146412917515
32,BraTS20_Training_273,0.8802304504533852,0.8088841481954074,0.46062524732884846,0.7165799486592137
32,BraTS20_Training_274,0.8771193806714801,0.6343171026906247,0.7061207019546297,0.7391857284389115
32,BraTS20_Training_288,0.9098039745112864,0.7947293317545617,0.8802991790107225,0.8616108284255235
32,BraTS20_Training_291,0.9621959789601705,0.7006715859003794,0.19594594594594594,0.6196045036021652
32,BraTS20_Training_298,0.8611585872377806,0.5072401326264916,0.1267605633802817,0.49838642774818465
32,BraTS20_Training_306,0.9446322070368645,0.7523466414463075,0.0,0.5656596161610573
32,BraTS20_Training_309,0.9109064174286342,0.7895442816382672,0.6117890382626681,0.7707465791098564
32,BraTS20_Training_317,0.9429505728468253,0.8194246414492997,0.882702301410542,0.8816925052355556
32,BraTS20_Training_330,0.9607985915882423,0.8578933828009695,0.0,0.6062306581297373
32,BraTS20_Training_331,0.8243241008681274,0.6181535672666062,0.6949257425742574,0.7124678035696638
32,BraTS20_Training_333,0.9596672442948312,0.8285455095252495,0.11629392971246007,0.6348355611775136
32,BraTS20_Training_338,0.9613831443664125,0.9743223172659184,0.9453169806326378,0.960340814088323
32,BraTS20_Training_342,0.9349810354415795,0.9361155276648234,0.8259478564681746,0.8990148065248592
32,BraTS20_Training_343,0.9442055130610477,0.9525849899523359,0.9192190524783529,0.9386698518305788
32,BraTS20_Training_351,0.9577016822663043,0.9750887807444429,0.9502532796467074,0.9610145808858181
32,BraTS20_Training_361,0.9457684899727397,0.04794777519321678,0.0,0.3312387550553188
32,BraTS20_Training_368,0.9500405927756976,0.9522362960752936,0.9246345630576472,0.9423038173028795
32,BraTS20_Training_369,0.9587301443265291,0.9688998941007911,0.9530039223189515,0.9602113202487571
inf,BraTS20_Training_003,0.7756684321357922,0.9189262472885033,0.8616352201257862,0.8520766331833606
inf,BraTS20_Training_008,0.8460500132199663,0.86415963161934,0.8365339578454333,0.8489145342282466
inf,BraTS20_Training_010,0.8029557905465664,0.9053418005229735,0.8751450837340408,0.8611475582678603
inf,BraTS20_Training_020,0.9071997621878716,0.8710505927925812,0.7407394303909428,0.8396632617904652
inf,BraTS20_Training_027,0.7452862568575046,0.9322736011733693,0.8488888888888889,0.8421495823065875
inf,BraTS20_Training_029,0.9369951534733441,0.9368428480700021,0.8721062618595825,0.9153147544676429
inf,BraTS20_Training_033,0.9558944223761531,0.9573644230972683,0.9176621944495497,0.9436403466409904
inf,BraTS20_Training_048,0.7052624731672412,0.9087136929460581,0.7685367916549196,0.7941709859227396
inf,BraTS20_Training_052,0.9160359918701678,0.9476055999519317,0.8711344880747257,0.9115920266322751
inf,BraTS20_Training_065,0.8166478805888582,0.9333166520705617,0.8951653098521349,0.8817099475038517
inf,BraTS20_Training_066,0.9430550950245197,0.9198853644238911,0.8250813368825791,0.8960072654436634
inf,BraTS20_Training_071,0.9175523079454675,0.7718375144852642,0.8117158548019824,0.8337018924109048
inf,BraTS20_Training_076,0.9108507142257457,0.8777621591228564,0.8071032186459489,0.865238697331517
inf,BraTS20_Training_080,0.8997419787797795,0.8495539334955393,0.8366509648989515,0.8619822923914234
inf,BraTS20_Training_086,0.7675050985723997,0.2921423774345198,0.2910602910602911,0.45023592235573684
inf,BraTS20_Training_088,0.833460699707368,0.9195586403274604,0.8497042792531602,0.8675745397626629
inf,BraTS20_Training_090,0.9325021825366436,0.9739925962604041,0.9383653416703885,0.9482867068224787
inf,BraTS20_Training_094,0.940681344969654,0.9185770750988143,0.929,0.9294194733561562
inf,BraTS20_Training_096,0.9707524309070273,0.9474355093131085,0.9062006051573861,0.9414628484591739
inf,BraTS20_Training_098,0.9798272076176404,0.9640422256432812,0.922173524530871,0.9553476525972643
inf,BraTS20_Training_099,0.6419838126399173,0.9289871944121071,0.9420468557336621,0.8376726209285622
inf,BraTS20_Training_101,0.915072708397129,0.9080592151464929,0.8924031476997578,0.9051783570811266
inf,BraTS20_Training_102,0.9335035204018611,0.9418236256658427,0.8718703976435935,0.9157325145704324
inf,BraTS20_Training_111,0.9545742897276723,0.9643346513721959,0.9296025766377178,0.9495038392458621
inf,BraTS20_Training_117,0.9619303160118349,0.970717480069998,0.9386634725757349,0.9571037562191892
inf,BraTS20_Training_121,0.9800209515554994,0.9767532428627064,0.9395041322314049,0.9654261088832036
inf,BraTS20_Training_125,0.9745956437351736,0.9504811800467873,0.9498131684061333,0.958296664062698
inf,BraTS20_Training_139,0.8699818579336651,0.8948935700893349,0.8457686529794692,0.8702146936674898
inf,BraTS20_Training_142,0.9281466611113215,0.9367437284800787,0.8761882408168056,0.9136928768027351
inf,BraTS20_Training_145,0.9355940812587302,0.936397495839607,0.8227243793761935,0.8982386521581769
inf,BraTS20_Training_155,0.961165711631846,0.9689994431037683,0.9322631379142036,0.9541427642166059
inf,BraTS20_Training_160,0.9118447591346256,0.8850554773882261,0.8499288166820199,0.8822763510682905
inf,BraTS20_Training_165,0.9636917182636062,0.9530912151226776,0.9268696913196602,0.9478842082353146
inf,BraTS20_Training_166,0.9506746895875439,0.9740281703752023,0.9543972622157423,0.9597000407261628
inf,BraTS20_Training_173,0.9027980827574411,0.8829223129366215,0.8999378066477783,0.8952194007806137
inf,BraTS20_Training_180,0.8655318150472282,0.9573256406749313,0.937039977186722,0.9199658109696273
inf,BraTS20_Training_182,0.9203651561257087,0.9222164778869202,0.8949397876253189,0.9125071405459826
inf,BraTS20_Training_191,0.9405133575080636,0.9271001150747986,0.9291469315577895,0.9322534680468838
inf,BraTS20_Training_195,0.9411151327992621,0.9188350283978338,0.7997649231802535,0.8865716947924498
inf,BraTS20_Training_196,0.9365878979477607,0.9597689747150762,0.9481618687453371,0.9481729138027246
inf,BraTS20_Training_198,0.9528676613059485,0.9089816536157588,0.8701456310679612,0.9106649819965561
inf,BraTS20_Training_199,0.9645935741255254,0.9451259054846499,0.9108578664134219,0.9401924486745324
inf,BraTS20_Training_202,0.9617014638204935,0.9392694063926941,0.8863739248528746,0.9291149316886873
inf,BraTS20_Training_212,0.935768584837054,0.9005992433160391,0.704673451239996,0.8470137597976964
inf,BraTS20_Training_213,0.9277897443023903,0.8532222829055162,0.9124553421478518,0.8978224564519195
inf,BraTS20_Training_227,0.8521922366760205,0.8269978196985496,0.7806365077429582,0.8199421880391761
inf,BraTS20_Training_230,0.9760393041915968,0.9715584415584415,0.9802143169068495,0.9759373542189625
inf,BraTS20_Training_233,0.9461129472625377,0.814298697364435,0.8695797198132088,0.8766637881467272
inf,BraTS20_Training_238,0.911597220942447,0.9592125197843401,0.5298879893534435,0.8002325766934102
inf,BraTS20_Training_240,0.8931576170140243,0.8835540224769111,0.7,0.8255705464969786
inf,BraTS20_Training_243,0.937034479273695,0.8591709975915832,0.8097861544037694,0.8686638770896825
inf,BraTS20_Training_250,0.9122462555948099,0.7946568139832315,0.7965264770985867,0.834476515558876
inf,BraTS20_Training_253,0.9613864466542986,0.9397567994059222,0.7800313700037861,0.8937248720213357
inf,BraTS20_Training_261,0.949635556308719,0.7844870739757176,0.5214975138929512,0.7518733813924626
inf,BraTS20_Training_264,0.9073230680257356,0.8668809576590556,nan,0.8871020128423956
inf,BraTS20_Training_271,0.959438762906971,0.8820433202059982,0.46645367412140576,0.7693119190781249
inf,BraTS20_Training_273,0.8803898309027051,0.8116586106339632,0.46541383446621354,0.7191540920009606
inf,BraTS20_Training_274,0.8758635102344103,0.6271997483862272,0.7035270733084992,0.7355301106430455
inf,BraTS20_Training_288,0.908991472381454,0.7939170675272483,0.8800678144456462,0.8609921181181162
inf,BraTS20_Training_291,0.962777337793591,0.7011040185784763,0.18604651162790697,0.616642622666658
inf,BraTS20_Training_298,0.859789923175172,0.5038917716827279,0.17721518987341772,0.5136322949104392
inf,BraTS20_Training_306,0.94506095197191,0.7532540161193048,0.0,0.5661049893637382
inf,BraTS20_Training_309,0.9110114242090542,0.7876824261611785,0.6184100418410042,0.7723679640704123
inf,BraTS20_Training_317,0.9420644251116859,0.8168634064080944,0.8852091633466136,0.881378998288798
inf,BraTS20_Training_330,0.9610044803363018,0.8564489360840878,0.0,0.6058178054734632
inf,BraTS20_Training_331,0.8214279829287986,0.6065025545750116,0.6955445544554455,0.7078250306530852
inf,BraTS20_Training_333,0.9584514037747687,0.8162078023154004,0.11175213675213676,0.6288037809474353
inf,BraTS20_Training_338,0.9610708566422267,0.9743516445122048,0.9454962454929375,0.9603062488824564
inf,BraTS20_Training_342,0.9349476026771627,0.9352601698493876,0.8248622043240385,0.8983566589501963
inf,BraTS20_Training_343,0.9442256229468793,0.9523311155964217,0.9190048915163701,0.9385205433532238
inf,BraTS20_Training_351,0.9581679928531361,0.9749552772808586,0.9496734786705221,0.9609322496015057
inf,BraTS20_Training_361,0.9439981328616353,0.04688256996981329,0.0,0.33029356761048284
inf,BraTS20_Training_368,0.9505790523056039,0.9532262455758236,0.9220461689899343,0.9419504889571205
inf,BraTS20_Training_369,0.9589578524620985,0.9689735983618682,0.953452232954002,0.9604612279259896
